{"training_loss": 0.0006226181101662102, "validation_loss": 0.05930759602536758, "_timestamp": 1712515514.9844239, "_runtime": 29.61965799331665, "_step": 149}