{"training_loss": 0.0007342298759643503, "validation_loss": 0.035103209471950926, "_timestamp": 1712526795.43872, "_runtime": 28.733082056045532, "_step": 150, "Stock Price Prediction": {"_type": "image-file", "sha256": "f42f52538a61179c48de6ee73cdffd0e57ae5a334e346e3022ff40871f4b37cf", "size": 137810, "path": "media/images/Stock Price Prediction_150_f42f52538a61179c48de.png", "format": "png", "width": 1500, "height": 700}, "_wandb": {"runtime": 27}}