{"training_loss": 0.0008707546978712344, "validation_loss": 0.09155660091588895, "_timestamp": 1712509953.2375548, "_runtime": 28.888956785202026, "_step": 149}