{"val_loss_step": 0.3629874587059021, "trainer/global_step": 1439, "_timestamp": 1713381867.9368072, "_runtime": 31.554039239883423, "_step": 267, "val_loss_epoch": 0.35370078682899475, "epoch": 29, "train_loss_epoch": 0.3613177239894867, "train_loss_step": 0.4002990126609802}