{"val_loss": 0.010594493709504604, "epoch": 99, "trainer/global_step": 3799, "_timestamp": 1712845608.73725, "_runtime": 20.575839042663574, "_step": 176, "train_loss": 0.013974841684103012, "Model Fit Plot": {"_type": "image-file", "sha256": "b5c7bb4c9250dcdfbdb5aff604a0fdc33627e131480f18464b953f69f82aaa7e", "size": 168015, "path": "media/images/Model Fit Plot_176_b5c7bb4c9250dcdfbdb5.png", "format": "png", "width": 1000, "height": 600}, "_wandb": {"runtime": 19}}