{"training_loss": 0.0003350992744420485, "validation_loss": 0.0303758733595411, "_timestamp": 1712511917.7887003, "_runtime": 35.96015930175781, "_step": 150, "Stock Price Prediction": {"_type": "image-file", "sha256": "572414d66066b681f9eb28b9b73f843cac9a672c01435027699e7cc74789df10", "size": 128133, "path": "media/images/Stock Price Prediction_150_572414d66066b681f9eb.png", "format": "png", "width": 1500, "height": 700}, "_wandb": {"runtime": 35}}