{"training_loss": 0.0003997470460961739, "validation_loss": 0.0011007279515199894, "_timestamp": 1712506852.0668628, "_runtime": 65.71484470367432, "_step": 200, "Stock Price Prediction": {"_type": "image-file", "sha256": "50b65cb72691e8a6cf8f5b6b82871194200554ebb5b1ec9e6bc4cf70da3e22e5", "size": 130737, "path": "media/images/Stock Price Prediction_200_50b65cb72691e8a6cf8f.png", "format": "png", "width": 1500, "height": 700}, "_wandb": {"runtime": 64}}