{"training_loss": 0.00031983452367125275, "validation_loss": 0.001284828870016749, "_timestamp": 1712502569.3223329, "_runtime": 65.14971876144409, "_step": 199, "_wandb": {"runtime": 64}}