{"training_loss": 0.002526304323509976, "validation_loss": 0.02521761793953677, "_timestamp": 1712525576.629143, "_runtime": 30.221288919448853, "_step": 150, "Stock Price Prediction": {"_type": "image-file", "sha256": "94387cd9b877490f2025173a75b0e1df8b1ccc4c3fc29c2f39b3be0d2f4c146e", "size": 129499, "path": "media/images/Stock Price Prediction_150_94387cd9b877490f2025.png", "format": "png", "width": 1500, "height": 700}, "_wandb": {"runtime": 29}}