{"val_loss": 0.01063492801040411, "epoch": 99, "trainer/global_step": 3799, "_timestamp": 1712845214.826348, "_runtime": 20.713356018066406, "_step": 176, "train_loss": 0.013968084007501602, "Model Fit Plot": {"_type": "image-file", "sha256": "7535d60f05206d14de02346bf1b606f58ee82bfc64c066b035c1689287e49dc8", "size": 165891, "path": "media/images/Model Fit Plot_176_7535d60f05206d14de02.png", "format": "png", "width": 1000, "height": 600}, "_wandb": {"runtime": 19}}