{"val_loss": 0.00921418983489275, "epoch": 99, "trainer/global_step": 3799, "_timestamp": 1712845687.300707, "_runtime": 20.23096799850464, "_step": 176, "train_loss": 0.004427803680300713, "Model Fit Plot": {"_type": "image-file", "sha256": "2f5c010ca61188de83762cf0f757bd643480f56e1bff83c57a429084ed59e58e", "size": 161741, "path": "media/images/Model Fit Plot_176_2f5c010ca61188de8376.png", "format": "png", "width": 1000, "height": 600}, "_wandb": {"runtime": 19}}