{"training_loss": 0.0028670269545424767, "validation_loss": 0.0042082666186615825, "_timestamp": 1712513098.3027549, "_runtime": 36.796971797943115, "_step": 150, "Stock Price Prediction": {"_type": "image-file", "sha256": "b40ec5315c7b353542effd9cfa9d44cf7d2c7dcfe24c6aedfa7c39242055e38e", "size": 128294, "path": "media/images/Stock Price Prediction_150_b40ec5315c7b353542ef.png", "format": "png", "width": 1500, "height": 700}, "_wandb": {"runtime": 35}}