{"training_loss": 0.00033660136909087734, "validation_loss": 0.0011533611302313926, "_timestamp": 1712503707.4890566, "_runtime": 62.581674575805664, "_step": 200, "Stock Price Prediction": {"_type": "image-file", "sha256": "bf53b81fad922ebfa4ae75c89438c130ed363af72f7bab9b155949351f9042d1", "size": 2396, "path": "media/images/Stock Price Prediction_200_bf53b81fad922ebfa4ae.png", "format": "png", "width": 640, "height": 480}, "_wandb": {"runtime": 61}}