{"training_loss": 0.0003317766583374275, "validation_loss": 0.0013250466020378684, "_timestamp": 1712502711.8355124, "_runtime": 63.32064151763916, "_step": 199, "_wandb": {"runtime": 62}}