{"training_loss": 0.0003257757433419573, "validation_loss": 0.0011380078389525547, "_timestamp": 1712505214.2235596, "_runtime": 64.63048958778381, "_step": 199}