{"training_loss": 0.0003278595561537427, "validation_loss": 0.0014590327586379967, "_timestamp": 1712501830.5562227, "_runtime": 62.69042158126831, "_step": 199, "_wandb": {"runtime": 62}}