{"training_loss": 0.001103564111720819, "validation_loss": 0.011235298976923028, "_timestamp": 1712513531.4040751, "_runtime": 29.470505237579346, "_step": 149}