{"training_loss": 0.001388322755322709, "validation_loss": 0.0050399490088845296, "_timestamp": 1712514962.7402363, "_runtime": 36.50119137763977, "_step": 150, "Stock Price Prediction": {"_type": "image-file", "sha256": "012ca56a2acb67df8be215f452541b182aa2b4acd77bffe90149d2105952a140", "size": 133880, "path": "media/images/Stock Price Prediction_150_012ca56a2acb67df8be2.png", "format": "png", "width": 1500, "height": 700}, "_wandb": {"runtime": 35}}