{"val_loss_step": 0.0003391726058907807, "trainer/global_step": 7050, "_timestamp": 1712828851.691385, "_runtime": 107.23909211158752, "_step": 1342, "val_loss_epoch": 0.00045130771468393505, "epoch": 150, "train_loss_epoch": 0.00033866704325191677, "train_loss_step": 0.0002923509164247662, "Predictions vs Actuals": {"_type": "image-file", "sha256": "cf003f6eb331321b2530b7f50d65e3664c5a6d7a3d65cf5d7ac5776ceb46250e", "size": 230749, "path": "media/images/Predictions vs Actuals_1341_cf003f6eb331321b2530.png", "format": "png", "width": 1000, "height": 500}, "test_loss": 0.0005179913714528084, "_wandb": {"runtime": 106}}