{"training_loss": 0.002380215534230956, "validation_loss": 0.005409316586640974, "_timestamp": 1712512684.3963351, "_runtime": 28.712071180343628, "_step": 150, "Stock Price Prediction": {"_type": "image-file", "sha256": "58cf7893d4c998091584cde1b98541a7a5252b1df07e3cbb1c6a67d35454cc86", "size": 131650, "path": "media/images/Stock Price Prediction_150_58cf7893d4c998091584.png", "format": "png", "width": 1500, "height": 700}, "_wandb": {"runtime": 27}}