{"training_loss": 0.014230930758155106, "validation_loss": 1.1113543113072712, "_timestamp": 1712513790.7838993, "_runtime": 10.202292203903198, "_step": 3}