{"training_loss": 0.002717552171816351, "validation_loss": 0.013649422733578831, "_timestamp": 1712527363.3010445, "_runtime": 39.120840549468994, "_step": 150, "Stock Price Prediction": {"_type": "image-file", "sha256": "1c099771560208262fff8180579c10f39382c3d9254e89e9f76624d20b16d912", "size": 127494, "path": "media/images/Stock Price Prediction_150_1c099771560208262fff.png", "format": "png", "width": 1500, "height": 700}, "_wandb": {"runtime": 38}}