{"val_loss_step": 0.04928933456540108, "trainer/global_step": 1440, "_timestamp": 1713091977.221497, "_runtime": 22.65191102027893, "_step": 270, "val_loss_epoch": 0.02135188691318035, "epoch": 30, "train_loss_epoch": 0.00034787142067216337, "train_loss_step": 0.0017013698816299438, "Stock Price Prediction": {"_type": "image-file", "sha256": "2a34e0d73b1a5400e7237003ef556079fcb76cc8dd0e031c59190a5ed2f6f8df", "size": 139128, "path": "media/images/Stock Price Prediction_268_2a34e0d73b1a5400e723.png", "format": "png", "width": 1500, "height": 700}, "model_mse": 13.436470041292331, "model_rmse": 3.6655790867600078, "model_mae": 3.393073876235086, "model_r2": -0.7882238041154155, "model_mape": 0.05541702780551279, "baseline_mse": 0.3078391186353578, "baseline_rmse": 0.5548325140394692, "baseline_mae": 0.4123351533212631, "baseline_r2": 0.9590305163417229, "baseline_mape": 0.006899736304494213, "test_loss": 0.031655218452215195, "_wandb": {"runtime": 21}}