{"training_loss": 0.002532687237248865, "validation_loss": 0.011764032300561666, "_timestamp": 1712510015.3296156, "_runtime": 34.36015248298645, "_step": 149}