{"training_loss": 0.0024694369164232435, "validation_loss": 0.026792526400337618, "_timestamp": 1712513890.7181294, "_runtime": 30.882095336914062, "_step": 150, "Stock Price Prediction": {"_type": "image-file", "sha256": "e1c0c557602a31429d79c7292dca92421c2e0d2a3194a34106e0d331aa113121", "size": 124851, "path": "media/images/Stock Price Prediction_150_e1c0c557602a31429d79.png", "format": "png", "width": 1500, "height": 700}, "_wandb": {"runtime": 29}}