{"training_loss": 0.0010664586006138659, "validation_loss": 0.037445368245244026, "_timestamp": 1712513239.549388, "_runtime": 38.75759792327881, "_step": 150, "Stock Price Prediction": {"_type": "image-file", "sha256": "656570ea5e653f197847d32e6cbeb22fa83eb1425718e917739d2ff1e7552ebe", "size": 140258, "path": "media/images/Stock Price Prediction_150_656570ea5e653f197847.png", "format": "png", "width": 1500, "height": 700}, "_wandb": {"runtime": 37}}