{"training_loss": 0.0009257864392869427, "validation_loss": 0.039007663105924927, "_timestamp": 1712515943.2502053, "_runtime": 26.360342264175415, "_step": 149}