{"train_loss_step": 235.05099487304688, "epoch": 49, "trainer/global_step": 5349, "_timestamp": 1713390038.2401323, "_runtime": 76.74240827560425, "_step": 906, "val_loss_step": 463.44927978515625, "val_loss_epoch": 472.52276611328125, "train_loss_epoch": 118.05809020996094}