{"training_loss": 0.000333968772927754, "validation_loss": 0.0012276574759328338, "_timestamp": 1712505357.5585525, "_runtime": 78.61308145523071, "_step": 199}