{"val_loss_step": 0.008113877847790718, "trainer/global_step": 1439, "_timestamp": 1713104715.5592678, "_runtime": 32.089051723480225, "_step": 268, "val_loss_epoch": 0.0031326927710324526, "epoch": 29, "train_loss_epoch": 0.0013583784457296133, "train_loss_step": 0.001572282868437469, "Stock Price Prediction": {"_type": "image-file", "sha256": "8e3bc2c6ae144eacd9e1cf18b3456eddd190f66be86752a6c297e7d947e0f3c0", "size": 143891, "path": "media/images/Stock Price Prediction_268_8e3bc2c6ae144eacd9e1.png", "format": "png", "width": 1500, "height": 700}}