{"training_loss": 0.0007238787373656427, "validation_loss": 0.001323957258136943, "_timestamp": 1712829660.520562, "_runtime": 13.651224851608276, "_step": 150, "Stock Price Prediction": {"_type": "image-file", "sha256": "687bcbb31998c66c019e407cc89641a9acbe75336d998875d19c0b3b81ce5087", "size": 139985, "path": "media/images/Stock Price Prediction_150_687bcbb31998c66c019e.png", "format": "png", "width": 1500, "height": 700}, "_wandb": {"runtime": 13}}