{"training_loss": 0.0006621880637946257, "validation_loss": 0.046776510775089264, "_timestamp": 1712523792.5281756, "_runtime": 29.937427520751953, "_step": 150, "Stock Price Prediction": {"_type": "image-file", "sha256": "b1a26fc0d452b3b64442c199876d4400f6fb79bc944bd6b8bebb76229ac588f6", "size": 84284, "path": "media/images/Stock Price Prediction_150_b1a26fc0d452b3b64442.png", "format": "png", "width": 1500, "height": 700}, "_wandb": {"runtime": 29}}