{"train_loss_step": 6.917233258718625e-05, "epoch": 29, "trainer/global_step": 2009, "_timestamp": 1713858801.9948194, "_runtime": 161.17941451072693, "_step": 741, "val_loss_step": 0.001355237909592688, "val_loss_epoch": 0.000809972349088639, "train_loss_epoch": 0.00034463705378584564, "Stock Price Prediction": {"_type": "image-file", "sha256": "0c7474fbc277cd47417410135c544cf5d15b255e04de359555453e8e76524b79", "size": 125480, "path": "media/images/Stock Price Prediction_741_0c7474fbc277cd474174.png", "format": "png", "width": 1500, "height": 700}}