{"train_loss_step": 0.0001467420079279691, "epoch": 4, "trainer/global_step": 334, "_timestamp": 1713859092.436253, "_runtime": 28.296537160873413, "_step": 61, "val_loss_step": 0.0013850376708433032, "val_loss_epoch": 0.0007768742507323623, "train_loss_epoch": 0.0003458115679677576, "Stock Price Prediction": {"_type": "image-file", "sha256": "ea44cf5653bcfe88ef0c5557ba79580bd5cabc19811562318968b3dbf2bb3c32", "size": 125999, "path": "media/images/Stock Price Prediction_61_ea44cf5653bcfe88ef0c.png", "format": "png", "width": 1500, "height": 700}}