{"val_loss_step": 0.030899539589881897, "trainer/global_step": 1439, "_timestamp": 1713091403.6389298, "_runtime": 21.90257978439331, "_step": 267, "val_loss_epoch": 0.012841331772506237, "epoch": 29, "train_loss_epoch": 0.00034484019852243364, "train_loss_step": 0.0031296787783503532}