{"training_loss": 0.0006966957944314345, "validation_loss": 0.0010935779670641448, "_timestamp": 1712754039.033189, "_runtime": 15.979659080505371, "_step": 150, "Stock Price Prediction": {"_type": "image-file", "sha256": "a818822ffb79a5582cc5bea78978911a1ad24e55c50378a622b7653594a10deb", "size": 126436, "path": "media/images/Stock Price Prediction_150_a818822ffb79a5582cc5.png", "format": "png", "width": 1500, "height": 700}, "_wandb": {"runtime": 14}}