{"training_loss": 0.00031179805404867185, "validation_loss": 0.0012073045727447607, "_timestamp": 1712506584.1139, "_runtime": 65.93412494659424, "_step": 199}