{"training_loss": 0.00037136563080113975, "validation_loss": 0.0011699317801685538, "_timestamp": 1712506068.3890667, "_runtime": 65.05523467063904, "_step": 199}