{"training_loss": 0.0016759910561935005, "validation_loss": 0.03057330633358409, "_timestamp": 1712515272.3399146, "_runtime": 36.655587673187256, "_step": 150, "Stock Price Prediction": {"_type": "image-file", "sha256": "66f6171cbc7d7c8b58dd3124f64523f4d5a6044550936c88519aa90650608ea8", "size": 138770, "path": "media/images/Stock Price Prediction_150_66f6171cbc7d7c8b58dd.png", "format": "png", "width": 1500, "height": 700}, "_wandb": {"runtime": 35}}