{"val_loss_step": 0.06419859826564789, "trainer/global_step": 1439, "_timestamp": 1713382517.9162426, "_runtime": 31.25495958328247, "_step": 267, "val_loss_epoch": 0.06908122450113297, "epoch": 29, "train_loss_epoch": 0.06485719233751297, "train_loss_step": 0.04155135154724121}