{"training_loss": 0.00032673757977540337, "validation_loss": 0.0010129409903519055, "_timestamp": 1712505944.8049738, "_runtime": 63.17512392997742, "_step": 199}