{"val_loss_step": 0.01178649626672268, "trainer/global_step": 1439, "_timestamp": 1713090844.314401, "_runtime": 21.742203950881958, "_step": 267, "val_loss_epoch": 0.005129528697580099, "epoch": 29, "train_loss_epoch": 0.0003478284925222397, "train_loss_step": 0.0009566815569996834}