{"training_loss": 0.0021446484723431545, "validation_loss": 0.007709715631790459, "_timestamp": 1712510148.203564, "_runtime": 36.77393889427185, "_step": 149}