{"training_loss": 0.00033677183881553464, "validation_loss": 0.0014138446786091663, "_timestamp": 1712504010.3629875, "_runtime": 74.556640625, "_step": 200, "chart_predictions": {"_type": "image-file", "sha256": "c490ef72e7ee43e00cd474fece0331604391928e2b74affc3121d4fa9b89356f", "size": 2306, "path": "media/images/chart_predictions_200_c490ef72e7ee43e00cd4.png", "format": "png", "width": 640, "height": 480}, "_wandb": {"runtime": 73}}