{"training_loss": 0.0012738369812268502, "validation_loss": 0.004617424895210813, "_timestamp": 1712515455.0715566, "_runtime": 28.06736660003662, "_step": 149}