{"training_loss": 0.0016454938827337173, "validation_loss": 0.004080224879241238, "_timestamp": 1712512402.30934, "_runtime": 27.986799001693726, "_step": 149}