{"val_loss": 0.009290638379752636, "epoch": 99, "trainer/global_step": 3799, "_timestamp": 1712845156.0521889, "_runtime": 20.788522958755493, "_step": 176, "train_loss": 0.01017801184207201, "Model Fit Plot": {"_type": "image-file", "sha256": "08ba9accfe4ebf38e3d18df45fd368218787d4f2aa62afd344da12d798f72ad5", "size": 163221, "path": "media/images/Model Fit Plot_176_08ba9accfe4ebf38e3d1.png", "format": "png", "width": 1000, "height": 600}, "_wandb": {"runtime": 20}}