{"val_loss_step": 0.362800657749176, "trainer/global_step": 1439, "_timestamp": 1713380827.8067918, "_runtime": 31.47683882713318, "_step": 267, "val_loss_epoch": 0.35345008969306946, "epoch": 29, "train_loss_epoch": 0.361248642206192, "train_loss_step": 0.40020951628685}