{"val_loss": 0.008426662534475327, "epoch": 99, "trainer/global_step": 3799, "_timestamp": 1712845386.9374988, "_runtime": 19.4977068901062, "_step": 175, "train_loss": 0.012436525896191597}