{"val_loss": 0.009214446879923344, "epoch": 99, "trainer/global_step": 3799, "_timestamp": 1712845292.6059918, "_runtime": 20.681079864501953, "_step": 176, "train_loss": 0.007118510082364082, "Model Fit Plot": {"_type": "image-file", "sha256": "c72525254ece6c2ee457209b0783924b2a72f6ce03cacfcece6e72397faf3fb2", "size": 164791, "path": "media/images/Model Fit Plot_176_c72525254ece6c2ee457.png", "format": "png", "width": 1000, "height": 600}, "_wandb": {"runtime": 20}}