{"val_loss_step": 0.036262430250644684, "trainer/global_step": 1439, "_timestamp": 1713091850.7776341, "_runtime": 22.77447819709778, "_step": 268, "val_loss_epoch": 0.015377836301922798, "epoch": 29, "train_loss_epoch": 0.00034205257543362677, "train_loss_step": 0.007077135145664215, "Stock Price Prediction": {"_type": "image-file", "sha256": "156329760637d725bb018ebec6ded33b2702e75e7a6fe554bf589139e3eb28c9", "size": 144688, "path": "media/images/Stock Price Prediction_268_156329760637d725bb01.png", "format": "png", "width": 1500, "height": 700}}