{"val_loss": 0.008786426857113838, "epoch": 99, "trainer/global_step": 3799, "_timestamp": 1712845034.670896, "_runtime": 21.22703504562378, "_step": 176, "train_loss": 0.007510948460549116, "Model Fit Plot": {"_type": "image-file", "sha256": "4d089adff48cb0e57531e3ecf2731c16305a973da73f36cf51cfad0ca88ab7c8", "size": 162078, "path": "media/images/Model Fit Plot_176_4d089adff48cb0e57531.png", "format": "png", "width": 1000, "height": 600}, "_wandb": {"runtime": 20}}