{"training_loss": 0.002804965135662011, "validation_loss": 0.017852914189764608, "_timestamp": 1712559983.4983594, "_runtime": 30.733139514923096, "_step": 150, "Stock Price Prediction": {"_type": "image-file", "sha256": "758da312ad20972a3b0914dba9b9164215da0f14751e3d2dce0a9049b56c2f65", "size": 127697, "path": "media/images/Stock Price Prediction_150_758da312ad20972a3b09.png", "format": "png", "width": 1500, "height": 700}, "_wandb": {"runtime": 29}}