{"training_loss": 0.002345467001381015, "validation_loss": 0.007211699363930772, "_timestamp": 1712524727.4019356, "_runtime": 29.22774362564087, "_step": 150, "Stock Price Prediction": {"_type": "image-file", "sha256": "f065927430564b1421a8c7b882792e446e6aa8907f2f1936a7c97e099ba9c8c0", "size": 130649, "path": "media/images/Stock Price Prediction_150_f065927430564b1421a8.png", "format": "png", "width": 1500, "height": 700}, "_wandb": {"runtime": 28}}