{"training_loss": 0.0020169337105168474, "validation_loss": 0.004804327404902627, "_timestamp": 1712526582.1648364, "_runtime": 28.519083499908447, "_step": 150, "Stock Price Prediction": {"_type": "image-file", "sha256": "a212ce1b01b28e01eacb6cd38ea712178a24dc3836fd06c778f06c164a23aa2b", "size": 122177, "path": "media/images/Stock Price Prediction_150_a212ce1b01b28e01eacb.png", "format": "png", "width": 1500, "height": 700}, "_wandb": {"runtime": 27}}