{"training_loss": 0.0003644448948021077, "validation_loss": 0.0009138336109962049, "_timestamp": 1712503094.477252, "_runtime": 62.78992795944214, "_step": 199}