{"training_loss": 0.00033500170158933743, "validation_loss": 0.0010460017110744957, "_timestamp": 1712504172.372266, "_runtime": 60.48960494995117, "_step": 199}