{"training_loss": 0.0015794545574105239, "validation_loss": 0.030530552379786968, "_timestamp": 1712527085.9082859, "_runtime": 29.749947786331177, "_step": 150, "Stock Price Prediction": {"_type": "image-file", "sha256": "21dec1cba43a566f97d18e61203c94a52cf0589bb71446b0ee84b30b8608de1e", "size": 143729, "path": "media/images/Stock Price Prediction_150_21dec1cba43a566f97d1.png", "format": "png", "width": 1500, "height": 700}, "_wandb": {"runtime": 28}}