{"training_loss": 0.000887248689802315, "validation_loss": 0.09739548650880654, "_timestamp": 1712523895.0087862, "_runtime": 26.71232318878174, "_step": 150, "Stock Price Prediction": {"_type": "image-file", "sha256": "0fa3665e0b8ca6b71876eb3399e6be96a03f713c58460d63386d5e1e5ad4bd87", "size": 128670, "path": "media/images/Stock Price Prediction_150_0fa3665e0b8ca6b71876.png", "format": "png", "width": 1500, "height": 700}, "_wandb": {"runtime": 25}}