{"val_loss_step": 0.006494660396128893, "trainer/global_step": 1439, "_timestamp": 1713091493.0397172, "_runtime": 20.9859561920166, "_step": 267, "val_loss_epoch": 0.003150870092213154, "epoch": 29, "train_loss_epoch": 0.00034766364842653275, "train_loss_step": 0.00123136630281806}