{"val_loss_step": 0.06155109405517578, "trainer/global_step": 1439, "_timestamp": 1713091589.520308, "_runtime": 21.523910999298096, "_step": 267, "val_loss_epoch": 0.02680370584130287, "epoch": 29, "train_loss_epoch": 0.00034261742257513106, "train_loss_step": 0.0020405203104019165}