{"train_loss_step": 0.29802942276000977, "epoch": 16, "trainer/global_step": 1614, "_timestamp": 1713734776.4145207, "_runtime": 35.34937763214111, "_step": 268, "val_loss_step": 1.4748646020889282, "val_loss_epoch": 1.0714871883392334, "train_loss_epoch": 0.22792783379554749}