{"val_loss": 0.0088772252202034, "epoch": 99, "trainer/global_step": 3799, "_timestamp": 1712845749.0716171, "_runtime": 20.159086227416992, "_step": 176, "train_loss": 0.005534482188522816, "Model Fit Plot": {"_type": "image-file", "sha256": "b93910d3b31e25da44366fb7ed9c15fe46ec9b2e9a292c0721a79238b135746d", "size": 162109, "path": "media/images/Model Fit Plot_176_b93910d3b31e25da4436.png", "format": "png", "width": 1000, "height": 600}, "_wandb": {"runtime": 19}}