{"val_loss": 0.01134070847183466, "epoch": 99, "trainer/global_step": 3799, "_timestamp": 1712844504.135786, "_runtime": 20.92565107345581, "_step": 176, "train_loss": 0.007670435588806868, "Model Fit Plot": {"_type": "image-file", "sha256": "c490ef72e7ee43e00cd474fece0331604391928e2b74affc3121d4fa9b89356f", "size": 2306, "path": "media/images/Model Fit Plot_176_c490ef72e7ee43e00cd4.png", "format": "png", "width": 640, "height": 480}, "_wandb": {"runtime": 20}}