{"training_loss": 0.0013939804230176378, "validation_loss": 0.07615317202483614, "_timestamp": 1712524358.5404003, "_runtime": 19.180187225341797, "_step": 74}