{"val_loss": 0.00950651802122593, "epoch": 99, "trainer/global_step": 3799, "_timestamp": 1712845425.495457, "_runtime": 20.390071868896484, "_step": 176, "train_loss": 0.005956664681434631, "Model Fit Plot": {"_type": "image-file", "sha256": "c9f85a2e01a90b058f0b35390e7f2f2e20bf8b33257de0370d61c29073fb4196", "size": 162860, "path": "media/images/Model Fit Plot_176_c9f85a2e01a90b058f0b.png", "format": "png", "width": 1000, "height": 600}, "_wandb": {"runtime": 19}}