{"training_loss": 0.00033633900269099587, "validation_loss": 0.00114403609144834, "_timestamp": 1712503389.024116, "_runtime": 69.6237370967865, "_step": 200, "Stock Price Prediction": {"_type": "image-file", "sha256": "bf53b81fad922ebfa4ae75c89438c130ed363af72f7bab9b155949351f9042d1", "size": 2396, "path": "media/images/Stock Price Prediction_200_bf53b81fad922ebfa4ae.png", "format": "png", "width": 640, "height": 480}, "_wandb": {"runtime": 68}}