{"val_loss": 0.00897764228284359, "epoch": 99, "trainer/global_step": 3799, "_timestamp": 1712844109.5576398, "_runtime": 23.986002922058105, "_step": 176, "train_loss": 0.005976266227662563, "Model Fit Plot": {"_type": "image-file", "sha256": "c490ef72e7ee43e00cd474fece0331604391928e2b74affc3121d4fa9b89356f", "size": 2306, "path": "media/images/Model Fit Plot_176_c490ef72e7ee43e00cd4.png", "format": "png", "width": 640, "height": 480}}