{"training_loss": 0.000638649385791723, "validation_loss": 0.014352866526072225, "_timestamp": 1712560108.2798018, "_runtime": 31.175002813339233, "_step": 150, "Stock Price Prediction": {"_type": "image-file", "sha256": "6a50558fe3e936bc1ca1c05027a0c7dd1dca6c96d0ad47f3d54f08459765a658", "size": 130300, "path": "media/images/Stock Price Prediction_150_6a50558fe3e936bc1ca1.png", "format": "png", "width": 1500, "height": 700}, "_wandb": {"runtime": 30}}