{"training_loss": 0.002323135053832933, "validation_loss": 0.016771406788999837, "_timestamp": 1712512843.8644762, "_runtime": 29.449377298355103, "_step": 150, "Stock Price Prediction": {"_type": "image-file", "sha256": "d50cb9571d1a2944ab98d1c4fbdbb580e78818eb2795a12328324ff9707f028e", "size": 130991, "path": "media/images/Stock Price Prediction_150_d50cb9571d1a2944ab98.png", "format": "png", "width": 1500, "height": 700}, "_wandb": {"runtime": 28}}