{"val_loss_step": 0.002600018633529544, "trainer/global_step": 7199, "_timestamp": 1713090324.609354, "_runtime": 102.20987200737, "_step": 1343, "val_loss_epoch": 0.001105344737879932, "epoch": 149, "train_loss_epoch": 0.000341615523211658, "train_loss_step": 0.003099554916843772}