{"val_loss_step": 0.0003411273646634072, "trainer/global_step": 7050, "_timestamp": 1713085189.0603259, "_runtime": 99.38333797454834, "_step": 1342, "val_loss_epoch": 0.00045028337626717985, "epoch": 150, "train_loss_epoch": 0.0003387740289326757, "train_loss_step": 0.00029737845761701465, "Predictions vs Actuals": {"_type": "image-file", "sha256": "85beb44d8e309b7f80193ac8f3c53548f07f686c87d67d3420564f4faab11b77", "size": 230717, "path": "media/images/Predictions vs Actuals_1341_85beb44d8e309b7f8019.png", "format": "png", "width": 1000, "height": 500}, "test_loss": 0.0005208447109907866, "_wandb": {"runtime": 98}}