{"training_loss": 0.0003306300330357906, "validation_loss": 0.0014004546911954613, "_timestamp": 1712504101.110328, "_runtime": 9.930422067642212, "_step": 16}