{"training_loss": 0.0003298219210221389, "validation_loss": 0.001411043498332479, "_timestamp": 1712505632.3677197, "_runtime": 62.736249685287476, "_step": 199}