{"training_loss": 0.0003486732985206968, "validation_loss": 0.001256473184704581, "_timestamp": 1712504362.890273, "_runtime": 89.19884514808655, "_step": 199}