{"train_loss_step": 0.00014185166219249368, "epoch": 4, "trainer/global_step": 334, "_timestamp": 1713859877.9238183, "_runtime": 27.33445644378662, "_step": 61, "val_loss_step": 0.0013273846125230193, "val_loss_epoch": 0.0007462591747753322, "train_loss_epoch": 0.0003328008169773966, "Stock Price Prediction": {"_type": "image-file", "sha256": "37a0a26d7197b2e2962a646b9091899cdd9f809d9693a3225d9814d507ee42f8", "size": 128701, "path": "media/images/Stock Price Prediction_61_37a0a26d7197b2e2962a.png", "format": "png", "width": 1500, "height": 700}}