{"train_loss_step": 2.9747662111390127e-08, "epoch": 49, "trainer/global_step": 5349, "_timestamp": 1713865376.4335406, "_runtime": 87.70100164413452, "_step": 907, "val_loss_step": 2.7988454576188815e-07, "val_loss_epoch": 4.086845990514121e-07, "train_loss_epoch": 5.055392762187694e-07, "Stock Price Prediction": {"_type": "image-file", "sha256": "26e1ad193a723b42f7e2e963a3661a462dad8aa5471b880fbf799cad8ac74f1b", "size": 116357, "path": "media/images/Stock Price Prediction_907_26e1ad193a723b42f7e2.png", "format": "png", "width": 1500, "height": 700}}