{"val_loss_step": 0.06257083266973495, "trainer/global_step": 1439, "_timestamp": 1713383766.305747, "_runtime": 356.4644601345062, "_step": 267, "val_loss_epoch": 0.07231790572404861, "epoch": 29, "train_loss_epoch": 0.0629761815071106, "train_loss_step": 0.0376388281583786}