{"training_loss": 0.0006472792835362876, "validation_loss": 0.07807045864562194, "_timestamp": 1712524149.412459, "_runtime": 27.938013792037964, "_step": 150, "Stock Price Prediction": {"_type": "image-file", "sha256": "dba731b8f3f6dd84c8426a8c2af6a36f6877f9e0e135a8bc252fe541ee116d0a", "size": 136166, "path": "media/images/Stock Price Prediction_150_dba731b8f3f6dd84c842.png", "format": "png", "width": 1500, "height": 700}, "_wandb": {"runtime": 26}}