{"val_loss_step": 0.005015523172914982, "trainer/global_step": 7200, "_timestamp": 1713088465.355186, "_runtime": 100.56960487365723, "_step": 1345, "val_loss_epoch": 0.0020571767818182707, "epoch": 150, "train_loss_epoch": 0.00034264064743183553, "train_loss_step": 0.003408950287848711, "Predictions vs Actuals": {"_type": "image-file", "sha256": "b779c08e2d2517a2f9a756cf0e343cbfadd8018499c05f6314f067d577b139f9", "size": 69942, "path": "media/images/Predictions vs Actuals_1344_b779c08e2d2517a2f9a7.png", "format": "png", "width": 1000, "height": 500}, "test_loss": 0.002320543397217989, "_wandb": {"runtime": 99}}