{"train_loss_step": 3.45688408742717e-06, "epoch": 49, "trainer/global_step": 5349, "_timestamp": 1713866244.7703512, "_runtime": 88.5711441040039, "_step": 907, "val_loss_step": 2.0267661966499873e-05, "val_loss_epoch": 2.9858239940949716e-05, "train_loss_epoch": 3.178970291628502e-05, "Stock Price Prediction": {"_type": "image-file", "sha256": "7c7977cbc3ff8fe8649d6788bc5a09a6cb7f46b080cdd4de2a1e70eaa96fb966", "size": 122370, "path": "media/images/Stock Price Prediction_907_7c7977cbc3ff8fe8649d.png", "format": "png", "width": 1500, "height": 700}}