{"training_loss": 0.0007786332401641024, "validation_loss": 0.0014751564643423383, "_timestamp": 1712754296.729267, "_runtime": 14.613138914108276, "_step": 150, "Stock Price Prediction": {"_type": "image-file", "sha256": "205635f3a5518fd2808cefb29f8503d8634ef595bd66f5c0fa85b76c8848b6f3", "size": 143378, "path": "media/images/Stock Price Prediction_150_205635f3a5518fd2808c.png", "format": "png", "width": 1500, "height": 700}, "_wandb": {"runtime": 13}}