{"training_loss": 0.0025420259629148254, "validation_loss": 0.00429982045898214, "_timestamp": 1712514136.9769967, "_runtime": 31.045490741729736, "_step": 150, "Stock Price Prediction": {"_type": "image-file", "sha256": "7d6049a30369bd23c63f2e8a54f7d0797c1ef546a467d8809cd1549b24d369f0", "size": 127831, "path": "media/images/Stock Price Prediction_150_7d6049a30369bd23c63f.png", "format": "png", "width": 1500, "height": 700}, "_wandb": {"runtime": 30}}