{"training_loss": 0.0006206623599306719, "validation_loss": 0.008642479001233975, "_timestamp": 1712524413.2222803, "_runtime": 29.562969207763672, "_step": 150, "Stock Price Prediction": {"_type": "image-file", "sha256": "11271f8b543ef5edfedd7376fb552a086a9ad52d459f78382c2e5ff41f6e3cbd", "size": 134233, "path": "media/images/Stock Price Prediction_150_11271f8b543ef5edfedd.png", "format": "png", "width": 1500, "height": 700}, "_wandb": {"runtime": 28}}