{"training_loss": 0.0021764500435589675, "validation_loss": 0.03189663449302316, "_timestamp": 1712524005.9324095, "_runtime": 27.470242500305176, "_step": 150, "Stock Price Prediction": {"_type": "image-file", "sha256": "f35774879d2028cade898ed0ac357a1e6a580bfe11ed584ecb090541f825729f", "size": 138412, "path": "media/images/Stock Price Prediction_150_f35774879d2028cade89.png", "format": "png", "width": 1500, "height": 700}, "_wandb": {"runtime": 26}}