{"training_loss": 0.001100531474927872, "validation_loss": 0.052622878613571324, "_timestamp": 1712508471.69893, "_runtime": 28.049477100372314, "_step": 150, "Stock Price Prediction": {"_type": "image-file", "sha256": "2f2a18618fa76ec77aaf777401943e7447c6217869a439bc601183d768921c2f", "size": 100399, "path": "media/images/Stock Price Prediction_150_2f2a18618fa76ec77aaf.png", "format": "png", "width": 1500, "height": 700}, "_wandb": {"runtime": 27}}