{"training_loss": 0.0003368314249167236, "validation_loss": 0.0011205977134522982, "_timestamp": 1712505539.6635447, "_runtime": 61.31181263923645, "_step": 199}