{"train_loss_step": 0.0001498967467341572, "epoch": 4, "trainer/global_step": 334, "_timestamp": 1713859284.8442974, "_runtime": 27.362602472305298, "_step": 61, "val_loss_step": 0.0014201836893334985, "val_loss_epoch": 0.0007915894966572523, "train_loss_epoch": 0.0003532322880346328, "Stock Price Prediction": {"_type": "image-file", "sha256": "d141a917a637521b6c14ef1af9978ed67ab220933db422deba029f8ddf0d62e6", "size": 126842, "path": "media/images/Stock Price Prediction_61_d141a917a637521b6c14.png", "format": "png", "width": 1500, "height": 700}}