{"val_loss_step": 0.06617126613855362, "trainer/global_step": 1439, "_timestamp": 1713382900.1819963, "_runtime": 41.40606236457825, "_step": 267, "val_loss_epoch": 0.07303362339735031, "epoch": 29, "train_loss_epoch": 0.06327605247497559, "train_loss_step": 0.039134107530117035}