{"val_loss_step": 0.07036226987838745, "trainer/global_step": 1439, "_timestamp": 1713090712.752224, "_runtime": 22.569061994552612, "_step": 267, "val_loss_epoch": 0.03244372084736824, "epoch": 29, "train_loss_epoch": 0.00033493596129119396, "train_loss_step": 0.01609155163168907}