{"val_loss_step": 0.00629481440410018, "trainer/global_step": 7200, "_timestamp": 1713086369.936393, "_runtime": 106.627268075943, "_step": 1345, "val_loss_epoch": 0.002748915459960699, "epoch": 150, "train_loss_epoch": 0.0003381784772500396, "train_loss_step": 0.0020622636657208204, "Predictions vs Actuals": {"_type": "image-file", "sha256": "49c72c6bea3e3416c3f77da8af40f30da8839a3076042e19d745783c91595709", "size": 71709, "path": "media/images/Predictions vs Actuals_1344_49c72c6bea3e3416c3f7.png", "format": "png", "width": 1000, "height": 500}, "test_loss": 0.0034477589651942253, "_wandb": {"runtime": 105}}