{"training_loss": 0.00033002989660720533, "validation_loss": 0.041668289651473366, "_timestamp": 1712524572.3426857, "_runtime": 25.5323646068573, "_step": 150, "Stock Price Prediction": {"_type": "image-file", "sha256": "cb5783ae705f87273b34802fda1a12946f3e9ab192f2ee577a4b82619b5c2159", "size": 135862, "path": "media/images/Stock Price Prediction_150_cb5783ae705f87273b34.png", "format": "png", "width": 1500, "height": 700}, "_wandb": {"runtime": 24}}